probe_id,chr,pos,strand
cg09120290,chr1,164953346,-
cg13341402,chr1,161102082,-
cg15089025,chr1,161147190,+
cg15863252,chr1,161087903,+
cg26396707,chr1,161129261,-
cg05341329,chr1,162467671,-
cg24588482,chr1,160370253,-
cg06350097,chr1,161474970,+
cg15994321,chr1,161736098,+
cg25320115,chr1,161068233,-
cg17140133,chr1,164185432,-
cg14922223,chr1,163291595,+
cg10539371,chr1,160313075,+
cg26820501,chr1,160312931,+
cg11731300,chr1,161008542,+
cg00769882,chr1,161493357,+
cg19817795,chr1,163412922,+
cg20822337,chr1,161950791,-
cg11681332,chr1,161013633,+
cg02574731,chr1,161510041,-
cg26917305,chr1,160903135,+
cg17508302,chr1,161575716,+
cg08073088,chr1,161147903,+
cg19308497,chr1,160147442,-
cg10439651,chr1,161103008,-
cg03915298,chr1,160231971,+
cg04016768,chr1,160068676,+
cg14416284,chr1,160068509,+
cg10400707,chr1,160369840,+
cg16039960,chr1,161369277,-
cg09046080,chr1,160121059,+
cg04031354,chr1,164428765,+
cg23651323,chr1,161068138,-
cg11836369,chr1,160254759,+
cg12018765,chr1,161719501,-
cg26326527,chr1,164545866,-
cg11165316,chr1,163615467,-
cg18181229,chr1,164545699,+
cg04311476,chr1,161172056,-
cg02832305,chr1,161563355,-
cg18084491,chr1,161013663,-
cg17428694,chr1,163291564,+
cg04981885,chr1,160991156,+
cg01931502,chr1,161284176,+
cg20328160,chr1,161209081,+
cg15623398,chr1,160312544,-
cg10815343,chr1,161575992,-
cg23779106,chr1,161719820,+
cg17887793,chr1,161494110,+
cg24130534,chr1,163291614,+
cg14919490,chr1,160160194,+
cg13722693,chr1,160001929,+
cg19907257,chr1,161450473,+
cg04563953,chr1,160312929,+
cg15074930,chr1,164528467,-
cg24456165,chr1,161509739,+
cg14210114,chr1,160061413,-
cg13428480,chr1,160370208,-
cg26826434,chr1,160058314,-
cg06780703,chr1,161358133,-
cg14496016,chr1,161228489,-
cg18154493,chr1,161500156,-
cg21538190,chr1,160340774,+
cg17405122,chr1,161494852,+
cg16142265,chr1,161719982,-
cg02656741,chr1,161283918,-
cg00853687,chr1,161948059,+
cg17036024,chr1,161359810,-
cg14672596,chr1,160180988,+
cg09755039,chr1,161129745,+
cg07586906,chr1,160250600,-
cg18426131,chr1,161087882,+
cg01446576,chr1,160313037,+
cg07835293,chr1,163044231,+
cg18137657,chr1,164529119,-
cg11067756,chr1,161993675,-
cg22276985,chr1,161014826,-
cg23981150,chr1,161111090,+
cg27510197,chr1,160175429,-
cg02083151,chr1,161114125,-
cg24863642,chr1,161171902,-
cg22802111,chr1,160068614,+
cg26146390,chr1,160068471,+
cg03939352,chr1,162346594,+
cg10318121,chr1,161172291,-
cg16121685,chr1,162467625,-
cg27566812,chr1,161429279,+
cg01137537,chr1,162039502,+
cg01655594,chr1,161087906,+
cg26521784,chr1,161129188,-
cg10888244,chr1,161049543,+
cg26348447,chr1,160232228,+
cg21097091,chr1,162768715,+
cg22389730,chr1,161697241,+
cg07835668,chr1,161136060,+
cg16008440,chr1,161983790,+
cg27223727,chr1,161228496,-
cg24642196,chr1,161136063,+
cg06623486,chr1,162531613,-
cg24167624,chr1,161993686,-
cg15103675,chr1,162531519,-
cg03165841,chr1,160068750,+
cg24426536,chr1,161500610,-
cg08713212,chr1,162792369,-
cg17806952,chr1,161147426,-
cg22730047,chr1,161410551,-
cg14158583,chr1,161059458,-
cg22799212,chr1,161102325,+
cg17024258,chr1,160370982,-
cg26821539,chr1,160370294,-
cg15580417,chr1,160053947,-
cg03080362,chr1,160313545,-
cg21823025,chr1,161493841,+
cg12584865,chr1,161132159,-
cg14984537,chr1,161102529,+
cg01253184,chr1,161111659,+
cg13860527,chr1,160068519,+
cg15892864,chr1,161444516,+
cg21270847,chr1,164604806,-
cg14512089,chr1,160771850,+
cg01071265,chr1,160952651,+
cg18154724,chr1,161110872,-
cg27352514,chr1,160160199,+
cg02565672,chr1,161123809,+
cg13466383,chr1,161008705,+
cg07346851,chr1,160370286,-
cg07622944,chr1,160121057,+
cg20149757,chr1,160999211,+
cg16673712,chr1,161122960,+
cg23416761,chr1,161008802,+
cg20489026,chr1,160053931,+
cg21205071,chr1,161993677,-
cg06526344,chr1,161494292,-
cg11912330,chr1,161228674,+
cg11844079,chr1,160001979,+
cg16924622,chr1,161719430,+
cg05831020,chr1,160001927,+
cg24596788,chr1,163392923,+
cg23546965,chr1,162039514,+
cg25379116,chr1,160254873,+
cg03342862,chr1,163725217,-
cg24161057,chr1,161008811,+
cg09808786,chr1,160051438,-
cg00912467,chr1,161369970,+
cg12426196,chr1,161008826,+
cg00398265,chr1,162435454,+
cg20247161,chr1,161015307,+
cg11948252,chr1,160771900,+
cg05081047,chr1,162348592,+
cg01023271,chr1,160068607,+
cg20420867,chr1,160175396,-
cg10147634,chr1,161423889,+
cg16897415,chr1,161129615,-
cg00329300,chr1,161008462,-
cg11132352,chr1,161719642,-
cg06723492,chr1,161135296,+
cg17010827,chr1,161141572,+
cg00621608,chr1,160040173,-
cg11674865,chr1,161591488,+
cg00939106,chr1,161123698,+
cg01551350,chr1,160951675,-
cg12486795,chr1,162337320,-
cg17882959,chr1,160231874,-
cg04502601,chr1,160998902,+
cg19240319,chr1,161427101,+
cg26156167,chr1,161582651,-
cg25372275,chr1,161102558,-
cg18135379,chr1,161981673,+
cg06960562,chr1,161582601,+
cg09254318,chr1,160079657,-
cg13906823,chr1,161008824,+
cg17944328,chr1,161993688,-
cg24623497,chr1,161993745,-
cg27311414,chr1,161147232,+
cg18106171,chr1,161196208,+
cg26029744,chr1,163291534,-
cg25290459,chr1,160040178,-
cg09685289,chr1,161102035,+
cg10505415,chr1,161993970,-
cg11214962,chr1,161280287,-
cg08527195,chr1,161442697,-
cg00576014,chr1,161284450,-
cg18383585,chr1,162183582,-
cg06775072,chr1,161993546,-
cg23432576,chr1,161283983,-
cg16001793,chr1,161369711,-
cg26663636,chr1,162337134,-
cg11251827,chr1,161492997,+
cg02322641,chr1,161039565,+
cg04792642,chr1,160140085,-
cg06514368,chr1,161719587,-
cg16370716,chr1,161129255,-
cg26681210,chr1,160040182,-
cg02276763,chr1,161144907,-
cg17450446,chr1,160002111,-
cg02951880,chr1,160389175,-
cg00419855,chr1,161010454,-
cg04975598,chr1,160039909,+
cg25031777,chr1,164528501,+
cg10841756,chr1,161059267,+
cg20251008,chr1,161136045,+
cg07030052,chr1,162531143,+
cg22500151,chr1,160068371,-
cg01345839,chr1,160920942,+
cg16359517,chr1,164185516,+
cg23659592,chr1,160175286,-
cg08038078,chr1,160002094,-
cg02620307,chr1,161283965,-
cg06750897,chr1,164545553,+
cg04122068,chr1,160068504,+
cg16276523,chr1,161049579,+
cg01839665,chr1,161102358,+
cg11076662,chr1,160254248,+
cg14612294,chr1,164528498,+
cg07244326,chr1,161360101,-
cg13233534,chr1,162531423,-
cg10046726,chr1,161184971,-
cg17506056,chr1,160232248,+
cg24599107,chr1,161049443,+
cg24645681,chr1,160952703,-
cg02973320,chr1,162467753,+
cg10117958,chr1,161719605,-
cg19097259,chr1,160068842,+
cg21546996,chr1,161591215,-
cg01550473,chr1,161493932,+
cg13552867,chr1,160053689,+
cg16120709,chr1,160771696,+
cg21906083,chr1,160772137,+
cg10441013,chr1,160039990,-
cg08992717,chr1,160681615,-
cg20682146,chr1,164545843,-
cg01719979,chr1,161015883,+
cg20511534,chr1,162838649,+
cg06059345,chr1,161654727,+
cg13687313,chr1,161136664,+
cg14628070,chr1,161207275,+
cg26911986,chr1,161582046,-
cg14978304,chr1,162039761,+
cg07786995,chr1,162114714,-
cg07377341,chr1,160068584,+
cg13048485,chr1,161586839,-
cg03300353,chr1,160121063,+
cg06092702,chr1,163392909,+
cg01964683,chr1,163291544,-
cg02297709,chr1,160159670,+
cg17276329,chr1,161500441,-
cg19042513,chr1,163291603,+
cg07706715,chr1,161510194,-
cg02386725,chr1,162467755,+
cg18031744,chr1,162467736,+
cg24862510,chr1,164290545,-
cg15438384,chr1,161476380,-
cg01782790,chr1,163393050,-
cg10511264,chr1,161013623,+
cg06417806,chr1,161655029,+
cg17495154,chr1,160040403,+
cg10121816,chr1,161123804,-
cg05365960,chr1,160313050,+
cg11582573,chr1,160991039,+
cg27180868,chr1,161008750,+
cg13382707,chr1,161015776,-
cg13485746,chr1,162467911,+
cg17105358,chr1,162531703,+
cg19969587,chr1,161719438,+
cg08693748,chr1,162039520,+
cg01028447,chr1,161719415,+
cg00296079,chr1,160990978,+
cg17016136,chr1,161251852,+
cg26162836,chr1,160232429,+
cg25351989,chr1,161044095,+
cg12390003,chr1,160068671,+
cg06955091,chr1,161500685,+
cg12754671,chr1,161171876,+
cg14710465,chr1,160369869,-
cg24347498,chr1,160456459,-
cg02073627,chr1,161859366,+
cg22701938,chr1,160325463,+
cg24298107,chr1,163439561,+
cg18383680,chr1,162335231,-
cg06649737,chr1,161068715,+
cg23430560,chr1,162370870,+
cg14554892,chr1,162336618,-
cg05795390,chr1,160112673,+
cg21539842,chr1,162641005,+
cg08894273,chr1,161109487,-
cg11697978,chr1,162463626,+
cg01214260,chr1,163307616,+
cg26017915,chr1,161496726,-
cg24663521,chr1,160371744,+
cg09994595,chr1,161089339,+
cg18484136,chr1,161688543,-
cg20491963,chr1,161655124,-
cg17905084,chr1,161697281,+
cg16805648,chr1,161980398,-
cg18822704,chr1,161171966,+
cg02756922,chr1,161169493,-
cg08781328,chr1,160232516,+
cg08716396,chr1,161283845,+
cg05062896,chr1,161135611,-
cg10855283,chr1,161195615,+
cg20309078,chr1,162531224,-
cg09618479,chr1,161809430,-
cg16555855,chr1,164027974,+
cg27198054,chr1,162855903,-
cg07804963,chr1,161736066,-
cg10113864,chr1,162348472,-
ch.1.3188690F,chr1,162763344,+
cg24428555,chr1,161469756,-
cg04771980,chr1,164435839,+
cg05808709,chr1,160094954,+
cg18862562,chr1,160160312,-
cg23856733,chr1,160692597,+
cg04695131,chr1,162843617,+
cg21091503,chr1,161171785,-
cg12701942,chr1,164756311,-
cg00955867,chr1,160337038,-
cg11823214,chr1,163291487,-
cg10787292,chr1,160989907,-
cg05513735,chr1,163498722,+
cg18881723,chr1,160616870,-
cg22374567,chr1,161129170,-
cg04413138,chr1,163131317,-
cg09936566,chr1,163292020,+
cg22535359,chr1,160370370,+
cg21490808,chr1,164442378,+
cg24354145,chr1,162330218,-
cg06362030,chr1,163041773,+
cg07145783,chr1,160855077,+
cg25378117,chr1,161474586,+
cg09689461,chr1,163130728,+
cg10539928,chr1,164693462,-
cg13149890,chr1,160084398,-
cg07883333,chr1,161009753,-
cg13109911,chr1,160178210,+
cg11722850,chr1,161461354,-
cg09820101,chr1,162792092,-
cg05489664,chr1,161202381,+
cg16109946,chr1,162722893,-
cg09323898,chr1,163584856,+
cg24652786,chr1,160615240,+
cg16571192,chr1,160160324,-
cg05410790,chr1,161067663,+
cg27578494,chr1,160048852,+
cg09659608,chr1,161170502,-
cg17240157,chr1,164816968,-
cg22784503,chr1,161741936,-
cg04345766,chr1,160707626,-
cg08830904,chr1,160249961,-
cg15738205,chr1,160095956,-
cg07159397,chr1,163532110,-
cg13040357,chr1,160769055,-
cg01700674,chr1,161809724,+
cg13496421,chr1,162835038,+
cg17637798,chr1,162545478,-
cg03905646,chr1,161179635,-
cg18136311,chr1,160232565,+
cg06023493,chr1,163331119,-
cg14453945,chr1,161327008,+
cg20803370,chr1,161136162,-
cg01509409,chr1,161923036,+
cg25723725,chr1,162878594,+
cg20583521,chr1,161284097,-
cg15211756,chr1,161808580,-
cg15612304,chr1,160069938,-
cg13934223,chr1,161711095,-
cg07952182,chr1,162647028,-
cg11336359,chr1,160338222,-
cg24523950,chr1,160001329,-
cg05920462,chr1,161202504,+
cg20746702,chr1,160864761,+
cg20988238,chr1,161054138,-
cg12701013,chr1,160678921,+
cg01956305,chr1,161046765,-
cg01367097,chr1,163037784,-
cg08641561,chr1,160389104,-
cg23225572,chr1,162335982,-
cg17406386,chr1,161201200,+
cg21272095,chr1,160925643,-
cg07270341,chr1,162619462,+
cg06353725,chr1,162036019,-
cg08445905,chr1,163325169,+
cg04469686,chr1,162760199,-
cg02770086,chr1,161269375,+
cg15303300,chr1,163844956,-
cg04552724,chr1,161694446,-
cg11501313,chr1,162648367,+
cg08900022,chr1,164528685,-
cg23550693,chr1,162162057,-
cg09519120,chr1,161050990,+
cg12878119,chr1,161812951,+
cg12022440,chr1,162645923,+
cg27505440,chr1,160192119,+
cg09547777,chr1,160160232,-
cg22252839,chr1,162909029,+
cg13462779,chr1,164592430,-
cg19814518,chr1,162467080,-
cg00744506,chr1,161973606,-
cg25999986,chr1,160780274,-
cg14969185,chr1,160073266,-
cg02542100,chr1,162901918,-
cg11578532,chr1,161008127,+
cg17331569,chr1,160788135,+
cg10279470,chr1,162350958,+
cg10309957,chr1,161735234,+
cg15642792,chr1,161696175,+
cg16784507,chr1,161398185,+
cg01926319,chr1,160642975,-
cg06298945,chr1,160523616,+
cg13080267,chr1,161699921,+
cg16782533,chr1,161122232,-
cg01059553,chr1,160105789,-
cg10235253,chr1,164953906,+
cg03974242,chr1,164742004,+
cg07521829,chr1,163292240,-
cg06524213,chr1,162711669,-
cg05776323,chr1,161165053,-
cg05033369,chr1,161676469,+
cg27306581,chr1,161247619,-
cg02032115,chr1,160069052,+
cg08850169,chr1,161171469,+
cg22803322,chr1,161989811,-
cg24039780,chr1,164812337,-
cg15756786,chr1,160784302,+
cg16119440,chr1,161277148,+
cg21880888,chr1,162602533,+
cg22499845,chr1,161298167,+
cg05643592,chr1,161195527,-
cg04120420,chr1,160135275,-
cg09862072,chr1,161993364,-
cg27464408,chr1,160780372,+
cg15135710,chr1,162177096,-
cg07008168,chr1,161362188,-
cg23840854,chr1,161414152,+
cg02749714,chr1,162288382,+
cg04003017,chr1,161014739,-
cg13240206,chr1,160800192,+
cg20690706,chr1,160942823,-
cg24793045,chr1,162660016,+
cg08678288,chr1,160387004,-
cg23920016,chr1,162106832,-
ch.1.159606180R,chr1,161339556,+
cg06823263,chr1,161015119,+
cg08943116,chr1,163380628,-
cg14946531,chr1,161735258,-
cg10106388,chr1,160832662,+
cg02658541,chr1,161911673,-
cg14498122,chr1,161923556,-
cg03377265,chr1,160254094,-
cg03715666,chr1,162574371,+
cg18222653,chr1,161580444,+
cg14210287,chr1,161695659,-
cg06270361,chr1,161100993,-
cg21436120,chr1,164536135,-
cg24719489,chr1,164735833,-
cg24476241,chr1,163037105,+
cg14831003,chr1,161481799,-
cg05004360,chr1,161130461,+
cg09070378,chr1,161183762,+
cg21959457,chr1,163290999,+
cg11161846,chr1,160990452,-
cg24413597,chr1,162155427,-
cg01094172,chr1,161155964,+
cg23763353,chr1,164781961,+
cg16589911,chr1,161184489,+
cg15152945,chr1,161283898,+
cg10518144,chr1,163581520,+
cg01998006,chr1,163039106,+
cg14497143,chr1,160147181,+
cg06903211,chr1,164604740,-
cg13546954,chr1,160016837,-
cg06974388,chr1,161065862,-
cg01429181,chr1,160231585,-
cg16641271,chr1,162115945,+
cg05951219,chr1,162353669,+
cg11342789,chr1,162352023,+
cg13632142,chr1,163430188,+
cg05772694,chr1,161955978,+
cg18641937,chr1,160924389,-
cg12274567,chr1,162382199,-
cg01693471,chr1,160694553,-
cg22263514,chr1,162518158,-
cg04547987,chr1,162006871,+
cg07354440,chr1,161168889,+
cg16778334,chr1,160904195,+
cg16136466,chr1,164293961,+
cg03228353,chr1,161520094,-
cg21025225,chr1,162855527,-
cg05149320,chr1,160833863,-
cg18225515,chr1,161502240,-
cg01964975,chr1,162346511,-
cg08660938,chr1,161510171,-
cg18644227,chr1,161710013,+
cg10654598,chr1,160015630,+
cg22449901,chr1,160255758,-
cg26298387,chr1,160068041,-
cg22788177,chr1,161147916,-
cg24661255,chr1,162869751,-
cg27204405,chr1,161679319,+
cg19385050,chr1,160180055,-
cg04483486,chr1,161716884,+
cg09661228,chr1,161932212,-
cg12739454,chr1,164290833,-
cg08926056,chr1,161591591,-
cg25200096,chr1,161861220,-
cg07777628,chr1,160651554,+
cg22421629,chr1,161737015,+
cg07106927,chr1,160769081,-
cg04869770,chr1,164561550,+
cg26835683,chr1,160180434,-
cg22238122,chr1,164546143,-
cg20571780,chr1,160028341,-
cg05101920,chr1,160040217,+
cg20657688,chr1,161977137,+
cg00819233,chr1,162601805,-
cg21861340,chr1,160141163,+
cg20331147,chr1,160444222,+
cg08030282,chr1,160967582,-
cg20740051,chr1,161147718,-
cg13160637,chr1,160737558,+
cg07234924,chr1,160809494,-
cg05648920,chr1,161088678,+
cg12620577,chr1,160621284,+
cg08918937,chr1,160696735,-
cg25710010,chr1,164721372,-
cg11126743,chr1,161133479,+
cg27304328,chr1,160519425,+
cg10388017,chr1,160856347,-
cg02954704,chr1,161349006,-
cg00250483,chr1,163172914,-
cg10898852,chr1,161885959,-
cg22110569,chr1,161009463,-
cg09579760,chr1,163132916,-
cg17468569,chr1,162041135,+
cg14323766,chr1,161977811,+
cg17084863,chr1,162530364,+
cg11281226,chr1,161842418,+
cg06948089,chr1,161953593,-
cg21923482,chr1,162913095,-
cg17465410,chr1,160079577,+
cg15183129,chr1,160759781,+
cg11320225,chr1,161709963,+
cg10972543,chr1,162336629,-
cg06956052,chr1,160121201,-
cg02514914,chr1,160145943,-
cg23844705,chr1,164573835,-
cg09945570,chr1,160133973,+
cg12530491,chr1,160881710,-
cg09251160,chr1,161195163,-
cg11321922,chr1,161201121,+
cg04498907,chr1,160771292,-
cg27532621,chr1,164593763,+
cg09339089,chr1,160369363,+
cg19552548,chr1,160642377,-
cg22336747,chr1,161087401,+
cg16463941,chr1,163131223,+
cg10377188,chr1,160160683,+
cg22938315,chr1,162551097,+
cg21269709,chr1,161015733,-
cg05842490,chr1,161716955,-
cg09815189,chr1,162834158,-
cg16284456,chr1,164679394,-
cg23270415,chr1,161574664,+
cg13619781,chr1,162200384,-
cg07793789,chr1,161582376,+
cg18936327,chr1,161060281,-
cg26334302,chr1,161390706,-
cg18889147,chr1,161693987,+
cg08429279,chr1,163187557,-
cg06683092,chr1,164742479,-
cg03625625,chr1,160618127,+
cg21930487,chr1,161172049,+
cg27243353,chr1,164559503,+
cg00005579,chr1,161352830,-
cg00066554,chr1,160385636,+
cg08848462,chr1,162270281,+
cg16172549,chr1,161229214,+
cg18646186,chr1,161011634,+
cg20255094,chr1,160771763,+
cg18432641,chr1,160851768,+
cg01778872,chr1,160181001,+
cg17036570,chr1,160921382,+
cg11744295,chr1,161283833,+
cg20151617,chr1,160464665,+
cg10596276,chr1,161127931,+
cg18884942,chr1,161679921,+
cg07793952,chr1,162759343,+
cg09654927,chr1,161998561,-
cg24805601,chr1,160835203,+
cg06277277,chr1,161208307,+
cg16835667,chr1,162671165,+
cg01170139,chr1,160920953,-
cg17418779,chr1,163131753,-
cg20728600,chr1,161860450,+
cg19343357,chr1,164528503,+
cg16407044,chr1,161953982,+
cg20012308,chr1,161498450,+
cg15965716,chr1,164688315,-
cg17613028,chr1,160344469,-
cg00859178,chr1,162467208,+
cg04915463,chr1,162039957,+
cg20066612,chr1,160050948,+
cg06536874,chr1,163041039,+
cg07566050,chr1,160174755,-
cg27572327,chr1,160900831,-
cg10769937,chr1,161397752,+
cg22985731,chr1,161500751,+
cg00539925,chr1,160366521,+
cg25698661,chr1,160314281,-
cg08785274,chr1,161068252,+
cg03927165,chr1,163292116,+
cg19558736,chr1,160924576,-
cg25214346,chr1,161207966,+
cg16063970,chr1,163187980,+
cg24839868,chr1,160324028,+
cg20130097,chr1,161676885,+
cg26725396,chr1,161177042,+
cg12033619,chr1,162862544,+
cg19932650,chr1,163174242,-
cg20217549,chr1,163040329,+
cg17496788,chr1,162601807,-
cg03791426,chr1,161955224,+
cg11378389,chr1,162043035,+
cg07516064,chr1,164528089,-
cg03950000,chr1,160617327,+
cg19944463,chr1,160068529,+
cg22967866,chr1,161195804,+
cg24465943,chr1,161185061,+
cg26394055,chr1,161184921,-
cg12308308,chr1,163478549,+
cg19903124,chr1,164528101,-
cg21590385,chr1,160106446,-
cg17904988,chr1,161168451,-
cg08747153,chr1,160548297,+
cg02853225,chr1,160662247,-
cg15108521,chr1,160680856,+
cg11659961,chr1,160369972,-
cg04130657,chr1,161102858,-
cg09846895,chr1,161442738,-
cg21812332,chr1,160254284,-
cg11467858,chr1,162348050,+
cg18298815,chr1,161519989,-
cg20885594,chr1,162008146,+
cg16020410,chr1,162530939,+
cg03525467,chr1,160098048,-
cg02216667,chr1,162346613,+
cg09871685,chr1,164290179,+
cg19680222,chr1,160253463,+
cg05374643,chr1,161860553,-
cg08785240,chr1,160252316,+
cg00699556,chr1,163329914,-
cg23027754,chr1,161501027,-
cg09231518,chr1,162816961,+
cg21895155,chr1,164588507,-
cg21493814,chr1,164558467,+
cg17077042,chr1,161126769,+
cg00797801,chr1,161171116,-
cg19734536,chr1,160607887,-
cg27123380,chr1,164595269,-
cg25655877,chr1,160364111,-
cg07247298,chr1,164822961,+
cg03518156,chr1,161991927,+
cg24830503,chr1,160633067,-
cg11354393,chr1,164350337,-
cg07298878,chr1,161148880,+
cg21476940,chr1,160854954,+
cg26957370,chr1,161087723,-
cg17579483,chr1,160059875,+
cg21713741,chr1,160012865,+
cg14701244,chr1,162851296,+
cg10688526,chr1,160231681,-
cg23166250,chr1,161071861,-
cg09332506,chr1,160309220,-
cg02403069,chr1,161520639,-
cg02477165,chr1,160781212,-
cg14747662,chr1,162465523,-
cg19670750,chr1,163053818,-
cg24951364,chr1,162388800,+
cg11452736,chr1,160895642,-
cg04705952,chr1,160066587,+
cg20958086,chr1,160759689,-
cg18011898,chr1,162217481,-
cg13400077,chr1,162168081,-
cg16219384,chr1,162575316,+
cg09341289,chr1,164499453,-
cg00083084,chr1,161092211,+
cg00413124,chr1,164474211,-
cg25598801,chr1,161834450,-
cg25960196,chr1,161130207,-
cg16701893,chr1,164670259,-
cg01842700,chr1,161749251,+
cg23050079,chr1,160765349,-
cg03391436,chr1,162335175,-
cg19284575,chr1,160991224,+
cg07480840,chr1,161988984,-
cg24870524,chr1,161367436,+
cg01326173,chr1,164614103,-
cg02457683,chr1,160232016,-
cg06473539,chr1,162039959,+
cg07122893,chr1,161993133,+
cg08609318,chr1,164744436,+
cg11514338,chr1,164543254,+
cg03220009,chr1,162586451,+
cg10520498,chr1,162313583,-
cg07109316,chr1,160805162,-
cg12277145,chr1,160232707,-
cg14008399,chr1,160012129,+
cg22026255,chr1,161690704,+
cg23558885,chr1,162767159,-
cg05871810,chr1,160020315,+
cg06808585,chr1,160051087,-
cg10690696,chr1,161207903,-
cg20909846,chr1,164764066,-
cg09023604,chr1,164579287,-
cg22144766,chr1,160506630,-
cg22605643,chr1,163039012,-
cg06332601,chr1,160120712,+
cg25781627,chr1,164532029,+
cg11721194,chr1,160709239,-
cg26718385,chr1,163439820,-
cg11452367,chr1,160318354,+
cg27470554,chr1,161475240,+
cg07541302,chr1,162348597,-
cg10810183,chr1,161993987,+
cg26037917,chr1,161129139,-
cg04486839,chr1,161334734,-
cg06517798,chr1,160121283,-
cg02861293,chr1,160011013,+
cg00129847,chr1,164445093,+
cg02877967,chr1,160296653,+
cg04891053,chr1,161053558,+
cg03524848,chr1,161495324,+
cg23198012,chr1,162457181,-
cg16879052,chr1,160054270,-
cg17501906,chr1,162583287,-
cg07369538,chr1,164620645,-
cg10532719,chr1,160990987,+
cg19588863,chr1,161094059,+
cg21363934,chr1,163229245,+
cg26486702,chr1,161129448,-
cg03089651,chr1,161039695,+
cg07349663,chr1,160261619,-
cg01794501,chr1,161229027,+
cg25199836,chr1,160683107,+
cg17788480,chr1,161087923,+
cg20888804,chr1,160771998,-
cg09387559,chr1,161695606,-
cg06800565,chr1,161124156,+
cg15313204,chr1,161040723,+
cg12200575,chr1,161024750,-
cg07919901,chr1,160001079,-
cg02106043,chr1,161575319,+
cg01194901,chr1,161697083,+
cg09541783,chr1,161942142,-
cg23915527,chr1,161368787,+
cg18095555,chr1,161100749,-
cg01328348,chr1,160839299,+
cg19266967,chr1,162851376,-
cg23028772,chr1,162601485,+
cg21829783,chr1,160493089,-
cg10629950,chr1,163477873,+
cg19681610,chr1,162148501,+
cg03703498,chr1,162954656,+
cg23419190,chr1,163038444,+
cg02769145,chr1,160952126,+
cg26000268,chr1,162614887,+
cg17766878,chr1,161655988,-
cg02797349,chr1,162348264,-
cg25326727,chr1,164645252,-
cg04925407,chr1,161202604,+
cg19774627,chr1,160017294,-
cg13987606,chr1,160002698,-
cg22979992,chr1,161483626,-
cg21640349,chr1,160536849,+
cg17855130,chr1,164819399,-
cg24052263,chr1,161575010,+
cg10435547,chr1,163017462,-
cg19677739,chr1,161187776,+
cg05524246,chr1,161973909,-
cg22602513,chr1,160429714,-
cg16352642,chr1,161706585,+
cg20929557,chr1,160856352,-
cg10775792,chr1,161228455,-
cg13688312,chr1,162339673,+
cg24654094,chr1,160340832,+
cg08187246,chr1,160054219,+
cg21118661,chr1,160333774,-
cg00689010,chr1,160311893,-
cg03710705,chr1,161602015,-
cg24742073,chr1,161959340,-
cg14534021,chr1,161561150,+
cg19012350,chr1,160400663,+
cg01314629,chr1,160034548,-
cg01884913,chr1,164374314,-
cg10281249,chr1,160546979,-
cg21934237,chr1,163291357,-
ch.1.159013533R,chr1,160746909,+
cg17754515,chr1,160385729,-
cg06034822,chr1,161016081,-
cg05643453,chr1,160159453,+
cg16557111,chr1,161059429,-
cg20071225,chr1,162334992,-
cg24144391,chr1,164744047,-
cg12133731,chr1,164291441,-
cg12439436,chr1,162121669,+
cg22040381,chr1,160865146,-
cg15926420,chr1,160159672,-
cg04311699,chr1,161287640,+
cg01448881,chr1,160084263,-
cg26756537,chr1,164760798,+
cg18023842,chr1,160336475,+
cg01367992,chr1,160766535,-
cg25819757,chr1,164739244,-
cg13153967,chr1,160012216,+
cg06002052,chr1,162350956,-
cg01331644,chr1,161208986,+
cg00367461,chr1,162571491,+
cg20814349,chr1,161510020,-
cg24489237,chr1,164529170,+
cg16876936,chr1,162276298,+
cg24509168,chr1,160051356,+
cg07220201,chr1,160921208,+
cg15375522,chr1,161155230,-
cg18865207,chr1,160765919,-
cg07584928,chr1,161148096,+
cg06599983,chr1,161277841,-
cg23035852,chr1,160901954,+
cg02769615,chr1,161986663,+
cg06814515,chr1,162357962,+
cg27519958,chr1,161735129,+
cg27565811,chr1,161475869,+
cg24839282,chr1,160097733,+
cg05650171,chr1,161089102,+
cg02525396,chr1,161195883,-
cg06783901,chr1,162311043,+
cg19408145,chr1,160681530,-
cg23055938,chr1,160991191,+
cg12081303,chr1,161039681,-
cg18198545,chr1,160255804,+
cg19100381,chr1,161268303,+
cg18579868,chr1,160065529,+
cg08990088,chr1,163292175,+
cg25312122,chr1,160184732,-
cg13890597,chr1,161481847,+
cg12856878,chr1,162038393,-
cg06423995,chr1,161472346,+
cg08901901,chr1,160951907,+
cg16821977,chr1,164568044,-
cg21213571,chr1,160393253,-
cg06928484,chr1,160390288,+
cg12036741,chr1,160001633,+
cg27313960,chr1,160068836,+
cg09038297,chr1,161130991,+
cg13473434,chr1,161196325,-
cg02014382,chr1,161138276,-
cg19157672,chr1,160280360,-
ch.1.162671525R,chr1,164404901,+
cg14701962,chr1,162348010,+
cg26266978,chr1,160068178,-
cg20609803,chr1,161184305,-
cg06734634,chr1,164643310,-
cg15387061,chr1,160082333,-
cg14428055,chr1,161111946,+
cg10679152,chr1,161166842,+
cg08390254,chr1,160084779,+
cg12047391,chr1,160957458,-
cg08511678,chr1,160545145,+
cg14700451,chr1,161456491,-
cg19234439,chr1,161602335,+
cg26258944,chr1,160040544,-
cg22609497,chr1,162331533,-
cg19431140,chr1,161046754,+
cg00340754,chr1,160109023,+
cg06798661,chr1,161373646,-
cg21853707,chr1,164676874,+
cg13984931,chr1,162788667,+
cg07580762,chr1,161171810,-
cg12886054,chr1,160833741,-
cg02350144,chr1,160545376,-
cg25894839,chr1,161696082,+
cg22740835,chr1,162602559,+
cg22341854,chr1,162311167,+
cg06823975,chr1,160791635,+
cg17331334,chr1,161214797,-
cg06927327,chr1,161200275,+
cg09866659,chr1,160286315,+
cg11514184,chr1,161015941,+
cg23002431,chr1,160278741,+
cg06436673,chr1,163074088,-
cg20064848,chr1,160037877,+
cg13847858,chr1,160287822,+
cg10622023,chr1,161965174,-
cg04436964,chr1,161167745,+
cg05624858,chr1,160675041,-
cg02814033,chr1,161166585,-
cg14447629,chr1,164702662,-
cg07604902,chr1,164669399,-
cg24807394,chr1,162458159,-
cg13675777,chr1,163214400,+
cg18545016,chr1,160592921,+
cg03334538,chr1,161979801,-
cg04752396,chr1,160474744,+
cg06943309,chr1,163392482,-
cg26012608,chr1,163468521,-
cg25255913,chr1,161475031,+
cg13458210,chr1,161010071,-
cg24192663,chr1,161493011,+
cg02858267,chr1,162336877,+
cg00551648,chr1,161015822,+
cg24859092,chr1,160624653,-
cg10405645,chr1,160407908,-
cg19487364,chr1,161690209,+
cg26186545,chr1,161520972,-
cg02630237,chr1,164855800,+
cg01018983,chr1,161142676,+
cg13124890,chr1,162382662,-
cg07464044,chr1,160713247,-
cg01053621,chr1,161193991,+
cg01425967,chr1,161228203,-
cg05349647,chr1,162770214,-
cg11748139,chr1,160368607,+
cg06213308,chr1,162360829,+
cg01154903,chr1,161429991,-
cg14507637,chr1,162872138,+
cg06221087,chr1,164659666,+
cg22269164,chr1,160230671,-
cg23374266,chr1,160022905,+
cg18555620,chr1,164558469,+
cg02516018,chr1,161536262,-
cg08082755,chr1,160459455,-
cg23825644,chr1,160474275,-
cg13295471,chr1,164681588,+
cg07146610,chr1,163076336,+
cg19212523,chr1,160781205,-
cg05990652,chr1,161147821,+
cg00779119,chr1,162859498,-
cg00541479,chr1,162468226,+
cg24067952,chr1,160319525,-
cg24136295,chr1,164595186,+
cg15771049,chr1,161735925,+
cg22213142,chr1,160173982,-
cg12137928,chr1,163806482,-
cg20396072,chr1,162706509,+
cg26537640,chr1,160642715,-
cg05451250,chr1,160941681,-
cg11238082,chr1,161684066,-
cg08279665,chr1,160146152,-
cg10751537,chr1,161137858,-
cg25172152,chr1,161039593,+
cg10316357,chr1,160768001,+
cg22802296,chr1,164682021,-
cg13461710,chr1,160287986,+
cg13311440,chr1,160681404,-
cg03169867,chr1,162167024,+
cg00397740,chr1,161136321,-
cg23126350,chr1,164610089,+
cg07766386,chr1,161002423,+
cg11676409,chr1,161150496,+
cg18454248,chr1,160098018,-
cg10796931,chr1,162467363,+
cg16763301,chr1,160156142,-
cg24950597,chr1,162334694,+
cg23874669,chr1,162600874,+
cg13861216,chr1,164479647,-
cg27177808,chr1,162527478,+
cg06215798,chr1,164743113,+
cg08286668,chr1,160808595,+
cg25282158,chr1,164281369,+
cg25889770,chr1,161068063,+
cg00945666,chr1,160990265,+
cg24154340,chr1,160682655,+
cg04302185,chr1,162946659,+
cg24691964,chr1,160520374,-
cg24329783,chr1,161160887,-
cg18886071,chr1,160617057,-
cg02407116,chr1,161718707,+
cg04305725,chr1,160339684,-
cg22224736,chr1,161337400,-
cg23174284,chr1,161044117,+
cg13552223,chr1,161453367,+
cg04573771,chr1,161122054,-
cg12629991,chr1,164627790,-
cg07832203,chr1,161050227,+
cg05116342,chr1,161094123,+
cg04409319,chr1,160774690,+
cg19220199,chr1,161179030,-
cg24074594,chr1,161676581,+
cg12269320,chr1,161356314,+
cg19242610,chr1,161569954,-
cg03056811,chr1,160639913,+
cg11002430,chr1,161502641,-
cg15418246,chr1,161168858,+
cg07702582,chr1,160522127,-
cg01607277,chr1,161892007,+
cg18398058,chr1,160370363,+
cg00026803,chr1,160055253,+
cg17623021,chr1,162825717,+
cg18147168,chr1,161008920,+
cg03398568,chr1,162650822,+
cg20941713,chr1,163439808,-
cg23711051,chr1,162874807,-
cg09381484,chr1,161147450,+
cg00160981,chr1,161691911,+
cg10711303,chr1,160097232,+
cg03522910,chr1,161147597,-
cg15905435,chr1,164290766,+
cg19678111,chr1,162351367,-
cg09152490,chr1,160098579,+
cg19827223,chr1,164290275,+
cg17224342,chr1,160252903,+
cg19083826,chr1,164781586,+
cg06791543,chr1,161939333,+
cg14795112,chr1,161067769,-
cg00975746,chr1,161409970,+
cg03412679,chr1,161179293,+
cg23051412,chr1,160227874,-
cg02156353,chr1,162335108,-
cg05804299,chr1,164740062,+
cg27497900,chr1,160312163,-
cg09686639,chr1,161284006,+
cg04197051,chr1,160001439,+
cg12596990,chr1,161786040,+
cg17350604,chr1,161139485,-
cg21718684,chr1,162583626,-
cg13092735,chr1,162352485,+
cg09124558,chr1,162726620,-
cg05863405,chr1,163131018,+
cg03022556,chr1,162335234,-
cg00396991,chr1,161494029,+
cg04888234,chr1,161675579,-
cg08247612,chr1,160336486,+
cg14248220,chr1,160959860,+
cg09825346,chr1,161718614,-
cg07392520,chr1,161494958,+
cg17496230,chr1,161284489,+
cg16805102,chr1,162466457,+
cg15128876,chr1,161146073,-
cg15564459,chr1,162347782,+
cg06210630,chr1,160085433,-
cg15278240,chr1,161280353,-
cg25417904,chr1,161137900,-
cg05722371,chr1,160247151,+
cg06664095,chr1,162897858,+
cg13315770,chr1,161016165,-
cg03444976,chr1,161130995,+
cg15011727,chr1,162954282,+
cg23865853,chr1,161167112,-
cg14779990,chr1,162763223,+
cg27315635,chr1,160050381,-
cg00446235,chr1,161008644,+
cg14872583,chr1,160208488,+
cg06964793,chr1,160032129,+
cg05043311,chr1,161179735,-
cg17678047,chr1,162848004,-
cg16793817,chr1,163140923,-
cg01299494,chr1,161698811,-
cg12701576,chr1,160254608,+
ch.1.3128389F,chr1,160061098,+
cg08670776,chr1,161809343,-
cg15855778,chr1,160012317,-
cg10948831,chr1,164671829,-
cg07385423,chr1,161697574,+
cg20989280,chr1,160343735,+
cg20080347,chr1,160336400,-
cg13286741,chr1,161138965,-
cg17844001,chr1,161166039,+
cg13210580,chr1,161276204,+
cg11211173,chr1,160102000,-
cg07924819,chr1,161736104,+
cg07508081,chr1,161194409,+
cg07393523,chr1,162287733,+
cg25585409,chr1,164201283,-
cg02648619,chr1,162005270,-
cg07152605,chr1,164793520,-
cg22706334,chr1,160648819,-
cg13992678,chr1,160336590,-
cg03225452,chr1,161491715,+
cg19530295,chr1,160971074,+
cg18791605,chr1,160965201,+
cg11754482,chr1,163046549,-
cg24249925,chr1,162702571,-
cg11169640,chr1,162332501,-
cg24477315,chr1,164570052,-
cg26435281,chr1,161594100,+
cg05694771,chr1,160617974,+
cg23780476,chr1,160317050,-
cg02945019,chr1,160550488,+
cg24550688,chr1,162129836,-
cg21691116,chr1,161171819,-
cg08535938,chr1,161128985,+
cg03776879,chr1,164859736,-
cg23052863,chr1,161338748,-
cg01554357,chr1,164750454,+
cg23043205,chr1,164699955,+
cg21703413,chr1,160417350,+
cg16702725,chr1,161227516,-
cg00306838,chr1,163393099,+
cg07067168,chr1,161982462,+
cg00253705,chr1,162635313,-
cg11795308,chr1,161133984,-
cg18158149,chr1,162138215,-
cg25221452,chr1,160719068,+
cg01710351,chr1,160617092,+
cg15231374,chr1,160132381,+
cg00965617,chr1,162328124,+
cg08087447,chr1,162666782,-
cg12406726,chr1,162792568,+
cg19272744,chr1,161049677,+
cg20178893,chr1,164558298,-
cg16177576,chr1,160072080,-
cg26766880,chr1,162311718,-
cg23369246,chr1,160749563,+
cg24510983,chr1,161724031,+
cg17192754,chr1,161009745,-
cg25315624,chr1,164527805,+
cg08246428,chr1,160160106,-
cg01823887,chr1,164760586,+
cg06494734,chr1,160833846,-
cg15202353,chr1,162831613,+
cg08171933,chr1,161860383,-
cg12898512,chr1,161007634,+
cg13219446,chr1,160232623,-
cg17150246,chr1,161068070,+
cg16397401,chr1,164548199,+
cg22920871,chr1,161161350,-
ch.1.3178922R,chr1,162321024,+
cg23316188,chr1,161998659,+
cg04989054,chr1,160877934,-
cg01774977,chr1,164953363,-
cg24367957,chr1,161931993,+
cg10875367,chr1,162210667,-
cg00683996,chr1,161195704,-
cg04978470,chr1,160914870,-
cg23261375,chr1,163437170,+
cg14164556,chr1,161168073,+
cg19816775,chr1,161916064,+
cg10198148,chr1,162530191,+
cg22170599,chr1,160987731,+
cg06674791,chr1,164545861,-
cg08879849,chr1,161572679,-
cg24390947,chr1,164529046,+
cg01801174,chr1,161123761,-
cg24316171,chr1,160312501,-
cg26015133,chr1,161692247,+
cg13259160,chr1,160746319,-
cg16698369,chr1,160231374,-
cg03360719,chr1,161208180,+
cg09129749,chr1,162035928,+
cg27625552,chr1,160681897,+
cg09376361,chr1,160522413,-
cg08116144,chr1,162599770,-
cg21501207,chr1,162383000,+
cg07356342,chr1,161183820,+
cg11155784,chr1,164572163,+
cg20196290,chr1,164591449,+
cg09799585,chr1,161956573,+
cg11091531,chr1,163041800,-
cg00330281,chr1,161122523,+
cg14382215,chr1,161169007,+
cg04697119,chr1,160068221,-
cg24180369,chr1,160002964,-
cg14383952,chr1,162205449,-
cg20012024,chr1,160991549,-
cg11221265,chr1,161284279,+
cg18876457,chr1,160071037,+
cg06316069,chr1,160921546,+
cg07417208,chr1,160281772,-
cg24043916,chr1,164290241,-
cg08545169,chr1,161169143,+
cg00084271,chr1,160121487,-
cg13772431,chr1,161039601,+
cg02062816,chr1,163166949,-
cg21637263,chr1,162177108,+
cg07060948,chr1,160651479,-
cg06314570,chr1,161123637,+
cg07795513,chr1,161925364,+
cg21783749,chr1,162191309,-
cg15923350,chr1,163038703,-
cg11665378,chr1,161903695,-
cg07842459,chr1,160514878,+
cg24487740,chr1,164745318,-
cg12177979,chr1,160549316,+
cg05857921,chr1,161123512,+
cg01403607,chr1,162838907,+
cg23619357,chr1,164290198,+
cg27066288,chr1,162308401,+
cg05486432,chr1,162101472,-
cg16207121,chr1,162633889,+
cg15978832,chr1,162530859,-
cg24044763,chr1,160370683,+
cg26597568,chr1,161284248,+
cg14315271,chr1,160050275,-
cg07283839,chr1,164631960,-
cg02579477,chr1,163173262,-
cg06104972,chr1,162661336,+
cg06476450,chr1,163286288,+
cg25771897,chr1,160040195,+
cg23360154,chr1,160736936,+
cg21196590,chr1,160167051,-
cg10347389,chr1,160326497,+
cg09871261,chr1,162063901,-
cg13904520,chr1,160783054,-
cg16432061,chr1,161276149,+
cg20535085,chr1,160616604,+
cg16607777,chr1,163038415,-
cg13178361,chr1,162532502,+
cg14838017,chr1,160232450,+
cg15225286,chr1,162288869,-
cg04094791,chr1,161576629,-
cg04508371,chr1,160639759,-
cg13978689,chr1,160549261,-
cg17876200,chr1,161067927,+
cg11871182,chr1,163844169,+
cg11680772,chr1,163892623,+
cg15898408,chr1,161720174,+
cg26883963,chr1,160580306,+
cg06909503,chr1,164725227,-
cg13234187,chr1,162468026,+
cg12432250,chr1,161997265,-
cg09552147,chr1,163295044,-
cg04222933,chr1,160783181,-
cg08658442,chr1,162946721,+
cg18611898,chr1,160806845,-
cg19742929,chr1,160318820,-
cg01099322,chr1,161694605,+
cg17993772,chr1,160313241,-
cg07178064,chr1,161111994,-
cg14032709,chr1,164574402,+
cg20812370,chr1,164581169,-
cg23837774,chr1,160362808,-
cg03391019,chr1,161927947,+
cg17036419,chr1,161691663,-
cg04991214,chr1,161089118,+
cg23895096,chr1,161085133,+
cg12486814,chr1,161337703,-
cg04263215,chr1,161168856,-
cg12196720,chr1,162307228,+
cg00583507,chr1,160269227,+
cg01774645,chr1,161040044,-
cg08903740,chr1,162287718,+
cg17028814,chr1,161206502,-
cg27380537,chr1,162114131,-
cg03105929,chr1,161591659,+
cg02732777,chr1,163309444,-
cg04567009,chr1,161600769,-
cg22985252,chr1,160142006,+
cg01967416,chr1,162366541,-
cg27042667,chr1,163295979,+
cg05475198,chr1,160719301,+
cg09718607,chr1,160362706,-
cg27089037,chr1,161147475,-
cg04692924,chr1,161720042,+
cg01229610,chr1,161047662,-
cg09175582,chr1,161736000,+
cg26039374,chr1,162262361,-
cg16907642,chr1,160319373,+
cg19030310,chr1,160287358,-
cg06008302,chr1,163354879,+
cg07158246,chr1,161087200,+
cg03323953,chr1,164544748,+
cg21437481,chr1,161067985,-
cg18208818,chr1,160056565,+
cg07701683,chr1,164904941,-
cg19451466,chr1,162467441,+
cg25869267,chr1,164319588,-
cg04175497,chr1,161220000,+
cg01450736,chr1,162838743,-
cg07204658,chr1,160139687,+
cg02455571,chr1,162175014,-
cg07081724,chr1,160808959,-
cg13567636,chr1,160991154,-
cg27582585,chr1,161069839,-
cg02036929,chr1,161023119,-
cg04353106,chr1,163136667,+
cg00110128,chr1,162347465,-
cg14396197,chr1,163333747,+
cg07837085,chr1,160708990,-
cg25212701,chr1,162351664,+
cg23082632,chr1,161146978,+
cg16359129,chr1,162347752,+
cg00439656,chr1,161024782,+
cg09761915,chr1,161174299,-
cg01880147,chr1,161609384,+
cg07709849,chr1,161109816,-
cg12759644,chr1,161100886,-
cg15871209,chr1,161179073,-
cg11088875,chr1,164754577,+
cg02854933,chr1,161954639,-
cg06692795,chr1,161493670,+
cg15889722,chr1,161166414,-
cg23906204,chr1,161110860,-
cg14354529,chr1,161713095,+
cg13871484,chr1,162466506,-
cg20868817,chr1,160677398,+
cg27235008,chr1,161147582,-
cg05543179,chr1,160230752,-
ch.1.3132707F,chr1,160211343,+
cg21017288,chr1,164528753,-
cg17274057,chr1,164599431,+
cg25597117,chr1,161349116,-
cg00045592,chr1,160714299,-
cg17833106,chr1,161060000,-
cg16606016,chr1,160233057,-
cg02380020,chr1,162333736,-
cg22953477,chr1,160097392,-
cg03484831,chr1,162335061,-
cg18680969,chr1,160832558,+
cg07813643,chr1,160159225,+
cg21692434,chr1,162219640,+
cg19121429,chr1,164027887,+
cg05735147,chr1,162057629,-
cg10203578,chr1,162008295,-
cg23420085,chr1,161372590,-
cg00045607,chr1,161039690,+
cg00532890,chr1,164528682,+
cg16694239,chr1,160179710,-
cg18761894,chr1,161495979,-
cg16879796,chr1,162280412,+
cg07177379,chr1,160085496,+
cg14891762,chr1,164681594,+
cg03381721,chr1,162642577,+
cg05341781,chr1,164723567,+
cg07774025,chr1,162760659,-
cg16428322,chr1,160389206,-
cg25215890,chr1,160651452,-
cg16289896,chr1,160146342,+
cg04851348,chr1,162826115,+
cg12163730,chr1,160039962,-
cg16430828,chr1,160232605,-
cg03938015,chr1,161953806,-
cg20462349,chr1,161884717,-
cg01877084,chr1,160341106,+
cg20302807,chr1,161044470,-
cg04053572,chr1,163038665,-
cg13979492,chr1,162742650,-
cg13495918,chr1,161575324,+
cg03496850,chr1,161474143,-
cg20806175,chr1,161186839,+
cg10588211,chr1,162792246,-
cg17544258,chr1,160323378,-
cg01062020,chr1,162382848,-
cg01748018,chr1,161206281,+
cg15069926,chr1,160001653,+
cg02437834,chr1,161123501,+
cg23274951,chr1,161171632,-
cg00006397,chr1,160336699,+
cg22355184,chr1,163507398,-
cg20932849,chr1,161369236,-
cg13471915,chr1,162531167,+
cg04942170,chr1,164525912,-
cg15281614,chr1,160345932,+
cg10126398,chr1,162825937,+
cg07807219,chr1,163289415,+
cg05161327,chr1,160776271,-
cg16502933,chr1,164147807,+
cg21998383,chr1,162039240,+
cg02616023,chr1,162306972,-
cg16663369,chr1,161976337,+
cg09871424,chr1,164811491,+
cg02129178,chr1,162635006,-
cg14043184,chr1,160971653,+
cg06003473,chr1,163038653,-
cg04554666,chr1,161698374,-
cg21451906,chr1,161192549,-
cg14903837,chr1,164686367,+
cg17461641,chr1,164023978,-
cg02935387,chr1,160198037,-
cg22891465,chr1,160986514,+
cg17335053,chr1,160388510,-
cg13298382,chr1,161087635,+
cg08131468,chr1,162106802,-
cg00061573,chr1,161952927,+
cg13698979,chr1,161802386,+
cg26644819,chr1,161059411,-
cg01250801,chr1,161148055,+
cg10526817,chr1,160135527,-
cg09168939,chr1,164652019,-
cg11908090,chr1,161601452,-
cg10404683,chr1,160313229,-
cg19354125,chr1,164528441,-
cg16890385,chr1,163216988,-
cg13394935,chr1,161135192,+
cg08665772,chr1,160051377,-
cg25148025,chr1,164681267,+
cg08005208,chr1,163395211,-
cg16751364,chr1,160255036,-
cg16909402,chr1,160682641,+
cg21876565,chr1,162921255,+
cg14448116,chr1,161170110,+
cg14978267,chr1,161135623,-
cg20838362,chr1,161168931,-
cg11080032,chr1,161860859,-
cg20854293,chr1,162111816,+
cg04133572,chr1,161195810,+
cg11193201,chr1,161677452,+
cg04274739,chr1,162805489,-
cg07456698,chr1,160275904,-
cg02288805,chr1,161054174,-
cg17683793,chr1,163173085,-
cg08538228,chr1,160473134,+
cg15026820,chr1,163126440,-
cg10805684,chr1,161236074,+
cg00071323,chr1,160742918,-
cg27029940,chr1,161277082,+
cg06574230,chr1,162341494,+
cg06734380,chr1,161698821,-
cg23445301,chr1,160537944,+
cg18645861,chr1,160509568,-
cg10618450,chr1,161644885,-
cg10606567,chr1,160097481,-
cg05054663,chr1,161226121,+
cg18247753,chr1,161344239,+
cg13727659,chr1,163033573,-
cg02301916,chr1,163381917,-
cg27514565,chr1,161581262,+
cg17677282,chr1,161464285,+
cg06409308,chr1,161719417,+
cg23004625,chr1,160002365,-
cg08485570,chr1,163055722,+
cg16440217,chr1,160915286,+
cg13853198,chr1,161185092,-
cg22364452,chr1,161255064,-
cg00208310,chr1,161369785,-
cg22379612,chr1,162826863,-
cg09168997,chr1,160085132,+
cg26285510,chr1,162737051,-
cg14048371,chr1,160254108,-
cg18231981,chr1,161016120,+
cg17443441,chr1,161860333,+
cg25838590,chr1,161406393,+
cg27444375,chr1,160510176,-
cg04595482,chr1,162669155,-
cg17327523,chr1,163228718,-
cg24659538,chr1,160222618,+
cg26591879,chr1,161736013,-
cg01592429,chr1,162007585,+
cg00579213,chr1,160251976,+
cg10187579,chr1,164592464,+
cg03585633,chr1,160901449,+
cg23579746,chr1,161690415,-
cg10382814,chr1,160312182,-
cg12801715,chr1,164819900,+
cg21920303,chr1,160617356,+
cg17386640,chr1,160344734,-
cg03971913,chr1,160905323,+
cg10992704,chr1,162795932,+
cg20766007,chr1,161695129,-
cg19361623,chr1,164949670,-
cg03495350,chr1,161493914,+
cg17522241,chr1,161355643,+
cg25720793,chr1,160983767,+
cg23274420,chr1,163370094,-
cg05938177,chr1,161136006,-
cg00756887,chr1,161059654,+
cg20299802,chr1,162319575,+
cg09367817,chr1,163845190,-
cg00831970,chr1,161647536,-
cg17033267,chr1,161044092,+
cg05138397,chr1,160768549,-
cg24887134,chr1,161051407,-
cg26927175,chr1,161197501,+
cg13813515,chr1,161129079,+
cg07312480,chr1,161372695,-
cg08440784,chr1,161174182,-
cg10094191,chr1,160855148,+
cg10014453,chr1,160095999,-
cg12834057,chr1,160141079,+
cg16003075,chr1,161925602,-
cg21266630,chr1,161107459,-
cg05929578,chr1,160328590,+
cg14074486,chr1,161195356,+
cg03618918,chr1,160865097,+
cg10808117,chr1,160471150,-
cg09416175,chr1,160185511,+
cg17166812,chr1,161169574,-
cg02955020,chr1,164789358,+
cg08604986,chr1,162597341,-
cg26291283,chr1,160296792,+
cg01169733,chr1,163687789,+
cg21391714,chr1,160343604,-
cg24664855,chr1,161676266,-
cg08538581,chr1,162500634,-
cg02938032,chr1,160267426,+
cg27495845,chr1,161693088,-
cg13377324,chr1,162759914,-
cg25163088,chr1,163187661,+
cg10241017,chr1,162601752,+
cg23777739,chr1,160855876,-
cg22851252,chr1,161136106,+
cg14843497,chr1,160255001,+
cg07343885,chr1,161163289,+
cg03441844,chr1,161368947,+
cg22445346,chr1,161655895,+
cg11687863,chr1,162337248,-
cg16604136,chr1,163291493,-
cg06263438,chr1,160109149,-
cg18757267,chr1,164704545,+
cg12034297,chr1,160137816,-
cg08161491,chr1,161332601,-
cg10453343,chr1,161049655,+
cg05659526,chr1,161184528,-
cg20747741,chr1,161067886,-
cg14342938,chr1,164532096,-
cg22678092,chr1,161691014,-
cg04867423,chr1,162680120,+
cg06029068,chr1,163040206,-
cg09948955,chr1,161520652,-
cg09971864,chr1,164953515,+
cg02470872,chr1,161208115,-
cg06978270,chr1,160031653,-
cg21864996,chr1,161695961,+
cg27381740,chr1,161147424,-
cg02270229,chr1,161052851,-
cg23691642,chr1,161494097,-
cg09248276,chr1,160696468,+
cg19639427,chr1,160342957,+
cg21454485,chr1,160546243,-
cg23011905,chr1,164756802,+
cg19313373,chr1,162694184,+
cg12515811,chr1,164772687,-
cg13975989,chr1,161045663,-
cg03426226,chr1,161935742,-
cg08573688,chr1,164528009,+
cg04690727,chr1,162851514,+
cg15945942,chr1,160230553,+
cg27493251,chr1,161211596,+
cg00714874,chr1,161679461,+
cg22361413,chr1,164689630,-
cg20707958,chr1,164132613,-
cg22066877,chr1,160175701,+
cg23641748,chr1,161691548,+
cg03716653,chr1,163038990,-
cg25181763,chr1,163233992,+
cg02807409,chr1,161129076,+
cg22854981,chr1,161696302,-
cg19261127,chr1,160385856,-
cg10431340,chr1,161279108,+
cg04648060,chr1,160381849,-
cg12447346,chr1,161055663,-
cg08988558,chr1,162389844,+
cg04603146,chr1,161369931,+
cg22729681,chr1,164717625,+
cg02974968,chr1,160236444,+
cg26206059,chr1,161482733,+
cg25336228,chr1,163291231,+
cg25961303,chr1,160634205,+
cg11742801,chr1,160313616,+
cg19767020,chr1,164582668,-
cg05375829,chr1,161067636,+
cg05392764,chr1,161697052,+
cg06475052,chr1,161658798,-
cg01376221,chr1,160654959,+
cg26035542,chr1,161060622,-
cg17444385,chr1,161951161,-
cg00942285,chr1,163308750,+
cg10574172,chr1,163187713,+
cg27174983,chr1,161227368,+
cg12808664,chr1,161049147,-
cg22930881,chr1,160718495,-
cg25715498,chr1,160492991,+
cg09501047,chr1,164615911,-
cg09931365,chr1,160780184,-
cg13077174,chr1,160099841,-
cg19161208,chr1,160182405,-
cg04177662,chr1,160174637,+
cg01121969,chr1,164533042,+
cg17932657,chr1,161171987,+
cg22563998,chr1,161040919,-
cg07998866,chr1,163038581,-
cg09584785,chr1,162333354,-
cg17827632,chr1,161087992,-
cg12900056,chr1,161292033,-
cg03835785,chr1,160158807,-
cg10327754,chr1,161111186,-
cg01423643,chr1,160992358,-
cg01481784,chr1,161369725,+
cg23325838,chr1,161918710,+
cg26210297,chr1,162534628,-
cg07486334,chr1,164595237,-
cg24437523,chr1,160085568,-
cg05754905,chr1,160992352,-
cg04384208,chr1,161519396,-
cg15968345,chr1,164640780,-
cg24528307,chr1,160924888,-
cg04009575,chr1,160714382,+
cg09008080,chr1,162041072,-
cg26824949,chr1,160232436,+
cg24049880,chr1,161171211,-
cg12667840,chr1,162967661,-
cg11361188,chr1,160012180,+
cg03652564,chr1,164619765,+
cg01371154,chr1,161736517,-
cg08952776,chr1,161976633,-
cg10443496,chr1,160881549,-
cg16776350,chr1,160549158,+
cg08922317,chr1,161193965,+
cg12810626,chr1,160764664,-
cg14964658,chr1,160255030,+
cg17017596,chr1,162348802,-
cg11801851,chr1,161169164,+
cg17724789,chr1,164711880,-
cg10053203,chr1,161087998,+
cg14364102,chr1,160834267,+
cg01096422,chr1,161736026,-
cg24526587,chr1,164587676,+
cg08276333,chr1,162756615,-
cg01284262,chr1,162044862,+
cg02900990,chr1,161991612,-
cg19722021,chr1,162722492,+
cg10352317,chr1,160408524,+
cg17336149,chr1,160367774,-
cg01495737,chr1,163037823,+
cg20928554,chr1,160760300,+
cg19247228,chr1,161369009,-
cg02724667,chr1,161044980,-
cg24453429,chr1,161136002,-
cg21547763,chr1,162351976,-
cg09133931,chr1,160912904,+
cg19130550,chr1,161994277,+
cg00365593,chr1,161735782,+
cg22209476,chr1,161645344,+
cg13821733,chr1,160314350,+
cg16097078,chr1,160031390,+
cg02458406,chr1,163727090,+
cg02086866,chr1,161492666,-
cg18450905,chr1,161695678,+
cg07837534,chr1,161038506,-
cg16359300,chr1,161165592,-
cg17017284,chr1,161128717,-
cg26680678,chr1,164689999,-
cg23084685,chr1,162031982,-
cg13763177,chr1,160962778,-
cg13492288,chr1,161087989,-
cg11456479,chr1,160627870,+
cg24342146,chr1,160682008,-
cg15548046,chr1,160039969,-
cg01991794,chr1,163790324,+
cg00549451,chr1,161409758,-
cg27520170,chr1,160040660,+
cg11617013,chr1,163671486,-
cg02590245,chr1,161088446,+
cg26341552,chr1,160712739,+
cg22112416,chr1,161124001,-
cg14148107,chr1,160642944,-
cg04307586,chr1,161703458,+
cg09364426,chr1,163201346,+
cg18165248,chr1,161087322,+
cg15961657,chr1,164768884,+
cg23208909,chr1,160183220,+
cg13817826,chr1,161475991,+
cg26572165,chr1,160807694,-
cg25922205,chr1,164594504,+
cg20965876,chr1,160194488,-
cg24085305,chr1,160179795,-
cg24411043,chr1,161008297,-
cg16997312,chr1,160314505,-
cg10316857,chr1,163025988,+
cg15447511,chr1,161129152,-
cg09939833,chr1,164716819,+
cg13149276,chr1,160232740,+
cg20234684,chr1,161016088,+
cg22608657,chr1,161736061,-
cg17133668,chr1,162792177,-
cg09306340,chr1,161068039,-
cg21352794,chr1,162530791,+
cg17310700,chr1,162710646,+
cg19836895,chr1,161146013,+
cg08460865,chr1,161123728,-
cg01775331,chr1,160902072,-
cg15337819,chr1,162359105,+
cg14115198,chr1,161893838,+
cg04008427,chr1,161475057,+
cg24133079,chr1,164822862,+
cg08074480,chr1,160222204,+
cg15874410,chr1,160905570,-
cg08356693,chr1,160855200,+
cg14913547,chr1,160436908,-
cg12529228,chr1,160336994,+
cg01950364,chr1,161087688,-
cg25736348,chr1,164921754,+
cg00832644,chr1,162343785,+
cg01507563,chr1,163277342,+
cg20009224,chr1,160336669,-
cg00348782,chr1,161757272,-
cg14450695,chr1,164686251,+
cg02225893,chr1,160226592,-
cg03430800,chr1,161015930,-
cg00339806,chr1,164672459,+
cg02305590,chr1,161678601,-
cg11161440,chr1,160041446,+
cg18620140,chr1,162426221,-
cg06325209,chr1,162602217,+
cg22727810,chr1,163861876,+
cg19900821,chr1,162359133,+
cg10478056,chr1,161338387,-
cg25307255,chr1,160624409,+
cg18094277,chr1,161184870,+
cg18739227,chr1,160319827,-
cg18107078,chr1,162760321,-
ch.1.161896946R,chr1,163630322,+
cg16292451,chr1,161954657,-
cg14031054,chr1,164681652,-
cg20662001,chr1,160783508,-
cg19264028,chr1,162630153,+
cg14446827,chr1,160825797,+
cg12831026,chr1,160752312,-
cg16969752,chr1,160406794,-
cg26230851,chr1,161231273,-
cg02683597,chr1,164855380,-
cg09798547,chr1,160402159,-
cg19368440,chr1,164744070,+
cg25373794,chr1,162760220,-
cg11141696,chr1,161700167,-
cg07022307,chr1,160145951,-
cg17587500,chr1,160377743,-
cg14721515,chr1,163006568,-
cg10493436,chr1,161168957,-
cg20172280,chr1,161993542,-
cg25902146,chr1,160681724,+
cg05080429,chr1,160809639,-
cg18218073,chr1,160069109,-
cg11767291,chr1,164290167,+
cg16601186,chr1,164527912,+
cg12662929,chr1,160368823,+
cg12036621,chr1,161284064,+
cg27003165,chr1,162381929,-
cg23309924,chr1,163038245,-
cg21209282,chr1,163260161,-
cg11203337,chr1,161937207,-
cg20391597,chr1,163505563,+
cg07014742,chr1,161102680,-
cg27316795,chr1,161981053,-
cg01447427,chr1,161128567,-
cg24219822,chr1,160808976,-
cg23038349,chr1,160765225,-
cg21063192,chr1,164744310,-
cg22680451,chr1,160992367,-
cg11939496,chr1,160833560,+
cg00222472,chr1,164545783,+
cg11832544,chr1,161094035,+
cg10474631,chr1,160905419,+
cg06749480,chr1,164774643,+
cg17013990,chr1,161091682,-
cg01180823,chr1,160473494,+
cg20994950,chr1,161138097,-
cg22585988,chr1,161059327,+
cg27540543,chr1,160777786,-
cg25516230,chr1,162375677,+
cg03078557,chr1,162255039,-
cg18177682,chr1,160175593,-
cg09823576,chr1,164640367,-
cg05359527,chr1,162288210,-
cg08971548,chr1,161676199,-
cg03436878,chr1,163355409,+
cg08443279,chr1,161996741,+
cg11570496,chr1,163514397,+
cg06633594,chr1,160944987,+
cg09074929,chr1,161713416,-
cg19532769,chr1,163355411,+
cg02956726,chr1,164705291,+
cg07895681,chr1,162958983,+
cg21213506,chr1,160087799,-
cg03577871,chr1,164618382,-
cg21303465,chr1,160044037,+
cg24592207,chr1,161195816,+
cg17642595,chr1,160423477,+
cg03229841,chr1,161139346,+
cg14419194,chr1,164901703,+
cg07369190,chr1,161228877,+
cg11604604,chr1,160232442,+
cg27212587,chr1,160031205,+
cg01656970,chr1,161338742,-
cg19811253,chr1,160332981,-
cg03892631,chr1,163039184,-
cg22592208,chr1,160395859,-
cg25759633,chr1,161056461,+
cg00973424,chr1,164325910,-
cg24618742,chr1,160120111,+
cg23229110,chr1,162725077,+
cg24340655,chr1,162955625,-
cg11217827,chr1,160137572,-
cg12241243,chr1,164740849,+
cg15897315,chr1,164386099,-
cg14305179,chr1,161981217,+
cg04656481,chr1,160696094,+
cg03730703,chr1,160173841,-
cg27263903,chr1,160314452,-
cg00951597,chr1,162039149,-
cg05656486,chr1,161171383,-
cg12517471,chr1,162147093,+
cg21736905,chr1,161943529,-
cg02999798,chr1,160334204,-
cg15358701,chr1,161410459,+
cg09326324,chr1,161123937,+
cg12648759,chr1,161812851,+
cg04865672,chr1,161087935,+
cg03268699,chr1,162331801,-
cg16585985,chr1,161360266,-
cg25720371,chr1,160255889,-
cg22855731,chr1,162619433,+
cg10230257,chr1,161928549,-
cg20368967,chr1,161154045,-
cg17156872,chr1,163327135,+
cg14291183,chr1,162518082,+
cg10321263,chr1,160011295,+
cg27229962,chr1,161099900,+
cg24502766,chr1,160004122,+
cg01939891,chr1,162534495,-
cg03627154,chr1,161179001,+
cg19236768,chr1,161509970,-
cg14628911,chr1,161482791,+
cg14764365,chr1,160231488,+
cg05733340,chr1,163175739,-
cg15933376,chr1,162336680,-
cg14223927,chr1,160113545,+
cg16553182,chr1,160068681,+
cg10503136,chr1,161229409,-
cg12985297,chr1,162766887,-
cg03394734,chr1,162950512,-
cg03964954,chr1,163479297,+
cg25683069,chr1,162467499,-
cg21429907,chr1,160206927,+
cg26026748,chr1,164629875,+
cg18604529,chr1,163228250,-
cg15735386,chr1,161735124,+
cg23876379,chr1,160310195,+
cg15122750,chr1,160071954,-
cg22443054,chr1,160314746,+
cg16024932,chr1,160160766,+
cg25548811,chr1,160991173,-
cg00149213,chr1,160617124,-
cg12811285,chr1,160363866,+
cg10967587,chr1,162467180,+
cg18308367,chr1,161510103,+
cg17096191,chr1,162039224,+
cg00457087,chr1,162602295,-
cg07883149,chr1,163038423,+
cg17282399,chr1,162511259,-
cg11194994,chr1,160175974,-
cg26998456,chr1,164923099,+
cg15974426,chr1,164674351,-
cg20897731,chr1,162955130,-
cg08737332,chr1,161178378,+
cg04364559,chr1,160828530,-
cg21140079,chr1,162667252,-
cg00625137,chr1,162350943,+
cg01531388,chr1,161136547,-
cg13608623,chr1,164600102,+
cg14270889,chr1,160808663,+
cg00816397,chr1,161088188,+
cg12077168,chr1,160121263,+
cg15807747,chr1,164607683,-
cg10896862,chr1,161275561,-
cg22073307,chr1,162924905,+
cg06182359,chr1,161088957,+
cg05178502,chr1,161575766,-
cg26813162,chr1,162337375,-
cg15516558,chr1,161091980,-
cg21777674,chr1,161180421,+
cg26561570,chr1,161602002,-
cg04800443,chr1,160749095,-
cg08105571,chr1,160160670,+
cg18920397,chr1,160765805,-
cg18386098,chr1,160109759,-
cg03001048,chr1,162136713,-
cg02181194,chr1,161040249,-
cg25878822,chr1,161143746,-
cg06159872,chr1,161602744,+
cg09172139,chr1,162744492,-
cg13633933,chr1,161698706,-
cg06056332,chr1,160765923,-
cg19128885,chr1,163173756,+
cg26065919,chr1,161102603,-
cg10135540,chr1,160711549,+
cg12034938,chr1,160520346,-
cg22661494,chr1,161337828,+
cg01930947,chr1,162343861,-
cg22522357,chr1,161872770,-
cg26812967,chr1,160313258,+
cg22638236,chr1,164759974,-
cg10780638,chr1,163113390,-
cg12710247,chr1,160373711,-
cg02697607,chr1,161136260,+
cg20463292,chr1,161004671,-
cg05038997,chr1,161362084,-
cg19718360,chr1,160550647,-
cg13188263,chr1,160517539,+
cg15617640,chr1,162368438,-
cg22546158,chr1,160146396,-
cg06570848,chr1,160032135,+
cg23619961,chr1,160064754,+
cg12610079,chr1,162838809,-
cg05381183,chr1,162025719,+
cg15022624,chr1,164534953,-
cg21348515,chr1,161195545,+
cg03166324,chr1,161059535,-
cg19462286,chr1,160256163,-
cg14658338,chr1,161456531,-
cg08841167,chr1,161994130,+
cg00428668,chr1,160684247,+
cg15619657,chr1,164551080,-
cg18785787,chr1,164750253,-
cg00065061,chr1,163919730,+
cg21017487,chr1,164033898,+
cg13845133,chr1,164544496,-
cg01335180,chr1,161576580,+
cg03447165,chr1,161736200,-
cg15590606,chr1,161129991,+
cg05200628,chr1,160681760,+
cg23844325,chr1,160723886,+
cg08864944,chr1,164633485,+
cg16414945,chr1,161719333,-
cg26861593,chr1,161195893,-
cg07375364,chr1,161928473,-
cg02384491,chr1,162307064,-
cg15026376,chr1,161238112,-
cg27433062,chr1,161194369,-
cg15492834,chr1,162351057,+
cg07177437,chr1,160850377,-
cg15836015,chr1,160181024,+
cg00373031,chr1,161202794,-
cg24700357,chr1,164124631,-
cg04610636,chr1,164287089,-
cg13672649,chr1,161102972,+
cg10208802,chr1,162441162,-
cg08897397,chr1,163053130,-
cg26082797,chr1,161429270,+
cg15604357,chr1,160386408,-
cg16021409,chr1,160065276,+
cg24130603,chr1,161062428,-
cg11300004,chr1,160066344,-
cg16501428,chr1,161855152,-
cg20056654,chr1,163038673,-
cg18805892,chr1,160764791,+
cg16402746,chr1,161101135,-
cg07376805,chr1,161833149,+
cg07612877,chr1,162465931,-
cg11174769,chr1,161655056,+
cg15531363,chr1,161713227,+
cg24924017,chr1,161337474,-
cg15758378,chr1,161733501,+
ch.1.162023970R,chr1,163757346,+
cg25313772,chr1,160331687,+
cg21085632,chr1,160071082,+
cg13422362,chr1,164197241,-
cg00583022,chr1,163309861,-
cg12195221,chr1,160140283,+
cg08897054,chr1,160189219,+
cg05865596,chr1,160321853,-
cg04811257,chr1,161102625,-
cg19589961,chr1,161054092,+
cg27409012,chr1,162531173,+
cg11789449,chr1,160033113,+
cg03742629,chr1,160738013,+
cg20131145,chr1,160296456,+
cg17245754,chr1,163389844,-
cg18991779,chr1,164822935,+
cg00974864,chr1,161601053,-
cg11059170,chr1,161147953,-
cg26451952,chr1,162048015,+
cg21239432,chr1,161053211,+
cg14496285,chr1,160318717,+
cg25989970,chr1,161123534,+
cg16421103,chr1,164389354,-
cg10140148,chr1,160678957,+
cg06370667,chr1,160770752,+
cg00862398,chr1,161042063,-
cg18391747,chr1,161375390,-
cg20825416,chr1,164547119,+
cg17880320,chr1,160256132,-
cg08158262,chr1,161054019,+
cg12582262,chr1,162058748,-
cg25136931,chr1,160374511,-
cg05070923,chr1,161014806,+
cg01711810,chr1,161747166,+
cg20968048,chr1,160838200,-
cg21415215,chr1,162304507,-
cg19711916,chr1,163892861,-
cg22657016,chr1,162467115,+
cg15836912,chr1,160924914,-
cg18176482,chr1,161128720,-
cg25682974,chr1,161195743,+
cg21495308,chr1,161718969,-
cg04244970,chr1,160708987,-
cg10671066,chr1,160492861,+
cg07353489,chr1,164556276,+
cg18200075,chr1,161706293,-
cg00327483,chr1,160160587,-
cg25505297,chr1,161606393,-
cg13420177,chr1,162603181,-
cg08671944,chr1,160232662,-
cg07544956,chr1,161735906,-
cg10064029,chr1,161808327,-
cg19865826,chr1,160992119,+
cg06776741,chr1,161953756,+
cg00058923,chr1,161069167,+
cg15704968,chr1,161369836,-
cg26759296,chr1,162272846,+
cg17367443,chr1,164780863,-
cg10275286,chr1,160330170,+
cg07046186,chr1,161861378,+
cg11436977,chr1,164883957,+
cg20205475,chr1,162467523,-
cg20605712,chr1,163207591,+
cg06028934,chr1,161352498,+
cg15965911,chr1,161370908,-
cg23955593,chr1,163393693,+
cg23839599,chr1,161708999,+
cg12073907,chr1,164768975,+
cg15778350,chr1,163291775,+
cg13139730,chr1,161576322,+
cg04905657,chr1,160321123,+
cg16127349,chr1,164728497,+
cg10604646,chr1,163172649,-
cg12997073,chr1,160522024,+
cg14838427,chr1,161592001,-
cg22250694,chr1,160813734,+
cg19662687,chr1,161337679,-
cg11073684,chr1,161565284,-
cg14198501,chr1,161860461,-
cg16610524,chr1,161922773,-
cg21962835,chr1,164695453,-
cg08713126,chr1,160363321,+
cg17283691,chr1,160807410,+
cg00908427,chr1,163369083,-
cg22330607,chr1,164849618,-
cg07111566,chr1,161516128,+
cg06445366,chr1,163138086,+
cg09501516,chr1,163039155,+
cg17752960,chr1,161147606,-
cg18874544,chr1,164949900,+
cg19735514,chr1,161762739,+
cg14325254,chr1,161981883,-
cg26076249,chr1,160833130,-
cg04165922,chr1,162297422,+
cg16001522,chr1,164899627,-
cg18196811,chr1,164325233,-
cg02482624,chr1,162186347,-
cg24262335,chr1,160920985,+
cg16275967,chr1,161172255,+
cg10073693,chr1,161590955,-
cg26955473,chr1,164736776,-
cg00056433,chr1,161391807,+
cg23241914,chr1,161193393,-
cg22626398,chr1,163040892,-
cg00776464,chr1,162039314,-
cg10113885,chr1,160425151,-
cg25544558,chr1,162531160,+
cg11164980,chr1,162782340,+
cg14252661,chr1,162792613,+
cg02932738,chr1,160098527,+
cg21441507,chr1,161337603,+
cg19222569,chr1,164408849,-
cg05513881,chr1,162824080,+
cg27430779,chr1,160627410,+
cg17217691,chr1,162601334,+
cg08284180,chr1,160232170,+
cg26379475,chr1,162381781,+
cg23178829,chr1,160626090,-
cg21305829,chr1,161147708,-
cg25792561,chr1,160505740,-
cg12906188,chr1,163041702,+
cg26778391,chr1,161102593,-
cg26875665,chr1,160340708,-
cg15487620,chr1,160084833,-
cg22970457,chr1,160966285,-
cg18077378,chr1,161128848,-
cg19357374,chr1,164209406,+
cg01643203,chr1,161171336,-
cg14619955,chr1,163893041,-
